{
  "knn": {
    "accuracy": 0.9993798358041462,
    "precision_macro": 0.9993886353084033,
    "recall_macro": 0.9993482662072182,
    "macro_f1": 0.9993684277519745,
    "macro_auc_ovr": 0.9997570945403567
  },
  "mlp": {
    "accuracy": 0.9937540605989015,
    "precision_macro": 0.9944367378751037,
    "recall_macro": 0.9928864449090731,
    "macro_f1": 0.9936296318992482,
    "macro_auc_ovr": 0.9999789328111903
  },
  "gnb": {
    "accuracy": 0.9812031185399563,
    "precision_macro": 0.9838574749909519,
    "recall_macro": 0.9783569427237339,
    "macro_f1": 0.9807552909242794,
    "macro_auc_ovr": 0.9841106512310436
  },
  "ada": {
    "accuracy": 0.9992764751048373,
    "precision_macro": 0.9992052119858759,
    "recall_macro": 0.9993217379440864,
    "macro_f1": 0.9992632815970912,
    "macro_auc_ovr": 0.9999953782028344
  },
  "gb": {
    "accuracy": 0.9993946016183333,
    "precision_macro": 0.9993215062172631,
    "recall_macro": 0.9994460699718349,
    "macro_f1": 0.9993835671132507,
    "macro_auc_ovr": 0.9999958289257517
  },
  "lr": {
    "accuracy": 0.9685488157817022,
    "precision_macro": 0.973603886039575,
    "recall_macro": 0.9637403511014115,
    "macro_f1": 0.9676663989389702,
    "macro_auc_ovr": 0.9907087031978914
  },
  "dt": {
    "accuracy": 0.9994831965034552,
    "precision_macro": 0.9994395981733448,
    "recall_macro": 0.999508029052823,
    "macro_f1": 0.9994737471404288,
    "macro_auc_ovr": 0.9999285633040133
  },
  "lstm": {
    "accuracy": 0.956012639536944,
    "precision_macro": 0.9597195263709359,
    "recall_macro": 0.9514807801161632,
    "macro_f1": 0.9548347191531916,
    "macro_auc_ovr": 0.9773771927745416
  },
  "cnn": {
    "accuracy": 0.9706012639536944,
    "precision_macro": 0.9752303640123929,
    "recall_macro": 0.9661151075742651,
    "macro_f1": 0.9697976561345498,
    "macro_auc_ovr": 0.9997132767237427
  }
}